MMSI,BaseDateTime,LAT,LON,SOG,COG,Heading,VesselName,VesselType
200000001,2026-08-01 00:00:00,13.215414432753166,80.448051529345,17.73942235886327,29.63862560168593,29.63862560168593,VESSEL_200000001,Tanker
200000001,2026-08-01 00:30:00,13.339727706073834,80.53277656413458,17.822254213928776,39.540051274393996,39.540051274393996,VESSEL_200000001,Tanker
200000001,2026-08-01 01:00:00,13.46171408698589,80.61203936107201,18.124974300450056,29.10943223540884,29.10943223540884,VESSEL_200000001,Tanker
200000001,2026-08-01 01:30:00,13.585346127081277,80.69619505990985,17.5713611528223,30.499197517534125,30.499197517534125,VESSEL_200000001,Tanker
200000001,2026-08-01 02:00:00,13.708844467333286,80.77852281850174,17.32789569420445,32.14317748711268,32.14317748711268,VESSEL_200000001,Tanker
200000001,2026-08-01 02:30:00,13.830274161204322,80.86209973132866,18.168956127963547,36.057950254593244,36.057950254593244,VESSEL_200000001,Tanker
200000001,2026-08-01 03:00:00,13.956302996212234,80.9430929789012,17.24398078729602,29.834981598314442,29.834981598314442,VESSEL_200000001,Tanker
200000001,2026-08-01 03:30:00,14.07606181803292,81.02870071925346,17.642276058712685,29.70306285474119,29.70306285474119,VESSEL_200000001,Tanker
200000001,2026-08-01 04:00:00,14.195991054933664,81.11028092597773,18.499477687571,36.6196165810798,36.6196165810798,VESSEL_200000001,Tanker
200000001,2026-08-01 04:30:00,14.319119156127746,81.19198102878227,17.87290932550829,34.99728822319889,34.99728822319889,VESSEL_200000001,Tanker
200000001,2026-08-01 05:00:00,14.445003191275497,81.27450086296773,18.435137079439453,34.24174058699829,34.24174058699829,VESSEL_200000001,Tanker
200000001,2026-08-01 05:30:00,14.566648730694256,81.35785321405591,16.29906769651189,32.305489157767326,32.305489157767326,VESSEL_200000001,Tanker
200000001,2026-08-01 06:00:00,14.687939904765567,81.43784984764179,17.481081265140876,41.37855179572581,41.37855179572581,VESSEL_200000001,Tanker
200000001,2026-08-01 06:30:00,14.809959146020045,81.52360112578151,16.073353744751753,32.22942008962496,32.22942008962496,VESSEL_200000001,Tanker
200000001,2026-08-01 07:00:00,14.934826472558917,81.60537397946909,18.467450096160412,37.87058141555346,37.87058141555346,VESSEL_200000001,Tanker
200000001,2026-08-01 07:30:00,15.056613674461488,81.6858137969551,18.614199397624713,32.947323615145756,32.947323615145756,VESSEL_200000001,Tanker
200000001,2026-08-01 08:00:00,15.177569910136585,81.76700889184647,16.836771230365947,36.38964895982265,36.38964895982265,VESSEL_200000001,Tanker
200000001,2026-08-01 08:30:00,15.30321629243268,81.85319340271667,17.328970870031025,34.696543694937404,34.696543694937404,VESSEL_200000001,Tanker
200000001,2026-08-01 09:00:00,15.42699277992575,81.93373070466313,18.21299875392497,30.594215534220574,30.594215534220574,VESSEL_200000001,Tanker
200000001,2026-08-01 09:30:00,15.547825649621963,82.01612288768864,16.56038387077852,36.33870764348174,36.33870764348174,VESSEL_200000001,Tanker
200000001,2026-08-01 10:00:00,15.670423110811964,82.09944831744814,18.236970175273466,36.13650111970355,36.13650111970355,VESSEL_200000001,Tanker
200000001,2026-08-01 10:30:00,15.795502843887592,82.18176332397572,17.332925204323406,33.50525418502183,33.50525418502183,VESSEL_200000001,Tanker
200000001,2026-08-01 11:00:00,15.913607562979006,82.26160303573394,16.433523904013157,28.917611101546424,28.917611101546424,VESSEL_200000001,Tanker
200000001,2026-08-01 11:30:00,16.040591938477647,82.3452232683021,17.37806096232817,40.39998672848416,40.39998672848416,VESSEL_200000001,Tanker
200000001,2026-08-01 12:00:00,16.161890020259353,82.43104622328381,16.82260583635768,32.87665745021568,32.87665745021568,VESSEL_200000001,Tanker
200000001,2026-08-01 12:30:00,16.283512662268933,82.51143009172912,18.596531653824954,25.26724312359209,25.26724312359209,VESSEL_200000001,Tanker
200000001,2026-08-01 13:00:00,16.40909171184312,82.59512059481965,17.162073560670763,26.67355596761156,26.67355596761156,VESSEL_200000001,Tanker
200000001,2026-08-01 13:30:00,16.531177281748736,82.6761231039309,17.988899727722263,34.01310596717104,34.01310596717104,VESSEL_200000001,Tanker
200000001,2026-08-01 14:00:00,13.15413865420736,80.32123197622558,17.976220200339323,40.69978311575601,40.69978311575601,VESSEL_200000001,Tanker
200000001,2026-08-01 14:30:00,16.77832356157969,82.84296976293543,19.21952640758712,27.960029967939576,27.960029967939576,VESSEL_200000001,Tanker
200000001,2026-08-01 15:00:00,16.898183994199638,82.92293983466837,17.36641371321179,27.020414501772287,27.020414501772287,VESSEL_200000001,Tanker
200000001,2026-08-01 15:30:00,17.023543957336045,83.00688550689104,16.2854172218649,28.825949833516123,28.825949833516123,VESSEL_200000001,Tanker
200000001,2026-08-01 16:00:00,17.145710841314592,83.09154317115507,19.752954408059345,48.473157569590484,48.473157569590484,VESSEL_200000001,Tanker
200000001,2026-08-01 16:30:00,17.26872279066352,83.17042480751327,15.62417723563625,35.24240255127301,35.24240255127301,VESSEL_200000001,Tanker
200000001,2026-08-01 17:00:00,17.389078247783626,83.25411013496702,17.14412671730775,33.1998908074719,33.1998908074719,VESSEL_200000001,Tanker
200000001,2026-08-01 17:30:00,17.5156462486131,83.33779191235632,17.597588679328872,28.725576475424774,28.725576475424774,VESSEL_200000001,Tanker
200000001,2026-08-01 18:00:00,17.63297508043939,83.41904216513734,17.70244096554924,42.743494807453246,42.743494807453246,VESSEL_200000001,Tanker
200000001,2026-08-01 18:30:00,17.759395153549022,83.50451722571158,17.256927917828406,27.97912640746871,27.97912640746871,VESSEL_200000001,Tanker
200000001,2026-08-01 19:00:00,17.88001452915889,83.5836382602945,19.884693248802723,29.7969118434319,29.7969118434319,VESSEL_200000001,Tanker
200000001,2026-08-01 19:30:00,18.006431899268105,83.66581982380146,18.6877965292418,35.82860007008315,35.82860007008315,VESSEL_200000001,Tanker
200000001,2026-08-01 20:00:00,18.12725180324259,83.75008111883942,17.101435820938168,36.13420624696423,36.13420624696423,VESSEL_200000001,Tanker
200000001,2026-08-01 20:30:00,18.249465270254504,83.8302483980982,16.47828594204794,34.766784828164425,34.766784828164425,VESSEL_200000001,Tanker
200000001,2026-08-01 21:00:00,18.37634357790528,83.91555655858693,17.637585190257678,35.332975937566545,35.332975937566545,VESSEL_200000001,Tanker
200000001,2026-08-01 21:30:00,18.498607557053152,83.99821230609656,17.34529628553382,39.435288789853274,39.435288789853274,VESSEL_200000001,Tanker
200000001,2026-08-01 22:00:00,18.619663224623938,84.08338201881188,17.939457953589464,27.781500080951332,27.781500080951332,VESSEL_200000001,Tanker
200000001,2026-08-01 22:30:00,18.7388795515258,84.1661493284264,19.479889237150857,33.00624917314083,33.00624917314083,VESSEL_200000001,Tanker
200000001,2026-08-01 23:00:00,18.863659653459298,84.24830732688046,16.64917783432407,29.430210144774698,29.430210144774698,VESSEL_200000001,Tanker
200000001,2026-08-01 23:30:00,18.988522839868224,84.32713219378432,17.751101649647488,33.08663074693127,33.08663074693127,VESSEL_200000001,Tanker
200000002,2026-08-01 00:00:00,12.704261428422859,80.21473057819557,13.933356465835704,41.361933101029436,41.361933101029436,VESSEL_200000002,Cargo
200000002,2026-08-01 00:30:00,12.78986614281689,80.30488287391529,15.692489278484588,40.82403481444975,40.82403481444975,VESSEL_200000002,Cargo
200000002,2026-08-01 01:00:00,12.874944385461767,80.39530588772729,14.448913641766614,52.4697875296706,52.4697875296706,VESSEL_200000002,Cargo
200000002,2026-08-01 01:30:00,12.959220028276413,80.48967212860612,14.622081056878674,43.97628534479406,43.97628534479406,VESSEL_200000002,Cargo
200000002,2026-08-01 02:00:00,13.040956754694472,80.57820543177104,14.953160094582286,42.03405804198074,42.03405804198074,VESSEL_200000002,Cargo
200000002,2026-08-01 02:30:00,13.124846126817317,80.66890000064603,17.294060773662494,56.84022145955593,56.84022145955593,VESSEL_200000002,Cargo
200000002,2026-08-01 03:00:00,13.206219335478773,80.75859188305992,13.313144734291573,44.50246333333014,44.50246333333014,VESSEL_200000002,Cargo
200000002,2026-08-01 03:30:00,13.291817707112898,80.85230146282207,14.047502898384966,44.18526620280859,44.18526620280859,VESSEL_200000002,Cargo
200000002,2026-08-01 04:00:00,13.370152593972069,80.94028752953648,13.714172324269011,44.808801266317204,44.808801266317204,VESSEL_200000002,Cargo
200000002,2026-08-01 04:30:00,13.455954125401039,81.03114744206633,13.018858344771944,40.120772176192624,40.120772176192624,VESSEL_200000002,Cargo
200000002,2026-08-01 05:00:00,13.54522701610726,81.11948422780955,13.679801157673936,56.640566044754145,56.640566044754145,VESSEL_200000002,Cargo
200000002,2026-08-01 05:30:00,13.630039331147511,81.2104390455117,14.408337779340544,49.16377615785012,49.16377615785012,VESSEL_200000002,Cargo
200000002,2026-08-01 06:00:00,13.71094726702367,81.30153157040976,14.531308890186466,51.342686283456295,51.342686283456295,VESSEL_200000002,Cargo
200000002,2026-08-01 06:30:00,13.79162007880962,81.39347607822143,14.642763771612534,40.581519361297666,40.581519361297666,VESSEL_200000002,Cargo
200000002,2026-08-01 07:00:00,13.873534874098567,81.48441872118114,15.008756625754831,44.67936230905249,44.67936230905249,VESSEL_200000002,Cargo
200000002,2026-08-01 07:30:00,13.958214973557434,81.57770003359407,14.932016063797041,49.21478044514359,49.21478044514359,VESSEL_200000002,Cargo
200000002,2026-08-01 08:00:00,14.040638882133328,81.66639787654188,14.055028702585728,49.03846971151412,49.03846971151412,VESSEL_200000002,Cargo
200000002,2026-08-01 08:30:00,14.123598673167173,81.76130715017082,16.349941638603816,49.38523116593008,49.38523116593008,VESSEL_200000002,Cargo
200000002,2026-08-01 09:00:00,14.205527806870439,81.84561909640625,15.96772968921744,48.769744528883265,48.769744528883265,VESSEL_200000002,Cargo
200000002,2026-08-01 09:30:00,14.29127488302244,81.93507785317354,15.704025217686755,49.72810009421939,49.72810009421939,VESSEL_200000002,Cargo
200000002,2026-08-01 10:00:00,14.371354409772657,82.02834708132985,15.040303940485094,47.718332394928794,47.718332394928794,VESSEL_200000002,Cargo
200000002,2026-08-01 10:30:00,14.456251603695707,82.11980626020589,14.52460935792169,48.21881096365992,48.21881096365992,VESSEL_200000002,Cargo
200000002,2026-08-01 11:00:00,14.543039604939128,82.20560302565742,14.539736471618891,48.33856051000981,48.33856051000981,VESSEL_200000002,Cargo
200000002,2026-08-01 11:30:00,14.623949283898344,82.30071561917391,13.019864953649993,49.09597582171812,49.09597582171812,VESSEL_200000002,Cargo
200000002,2026-08-01 12:00:00,14.710072671273126,82.389114831324,15.640414749826764,45.813372287533106,45.813372287533106,VESSEL_200000002,Cargo
200000002,2026-08-01 12:30:00,14.789755997078968,82.48079986290968,14.442130563772698,53.95622137664237,53.95622137664237,VESSEL_200000002,Cargo
200000002,2026-08-01 13:00:00,14.87430463118043,82.57709338893918,15.95399862510627,49.65143179779545,49.65143179779545,VESSEL_200000002,Cargo
200000002,2026-08-01 13:30:00,14.959887864674618,82.6652298578431,15.604574912925633,45.97314363547403,45.97314363547403,VESSEL_200000002,Cargo
200000002,2026-08-01 14:00:00,15.03979376217983,82.7536801296763,15.766170670723428,41.56448028757325,41.56448028757325,VESSEL_200000002,Cargo
200000002,2026-08-01 14:30:00,15.124486046158774,82.84541678100514,15.947833829595893,51.210343346803874,51.210343346803874,VESSEL_200000002,Cargo
200000002,2026-08-01 15:00:00,15.209823312715061,82.9379827382997,13.204546480475335,47.12123253865657,47.12123253865657,VESSEL_200000002,Cargo
200000002,2026-08-01 15:30:00,15.287098680940407,83.02620773502996,16.287815169405295,50.643667457636056,50.643667457636056,VESSEL_200000002,Cargo
200000002,2026-08-01 16:00:00,15.371305509394267,83.11593996577908,14.809368829004836,41.373197656241935,41.373197656241935,VESSEL_200000002,Cargo
200000002,2026-08-01 16:30:00,15.454621764622459,83.20931452525232,15.931898772235272,50.49980576426977,50.49980576426977,VESSEL_200000002,Cargo
200000002,2026-08-01 17:00:00,15.534642141085884,83.30002234556456,14.848620309361152,49.52544983001104,49.52544983001104,VESSEL_200000002,Cargo
200000002,2026-08-01 17:30:00,15.62571781439221,83.38601024135015,14.18548331093747,50.41053001711435,50.41053001711435,VESSEL_200000002,Cargo
200000002,2026-08-01 18:00:00,15.702582881155829,83.48381172179712,15.144943348829234,51.688918332364594,51.688918332364594,VESSEL_200000002,Cargo
200000002,2026-08-01 18:30:00,15.787864857557521,83.57321045687823,15.845058292117614,48.62038850383342,48.62038850383342,VESSEL_200000002,Cargo
200000002,2026-08-01 19:00:00,15.87273622159179,83.66284672177412,13.913241471389194,46.71835500194581,46.71835500194581,VESSEL_200000002,Cargo
200000002,2026-08-01 19:30:00,15.955223049667316,83.75379592882153,15.77641098303887,42.16331799325553,42.16331799325553,VESSEL_200000002,Cargo
200000002,2026-08-01 20:00:00,16.03853875159741,83.84671515798541,14.03299850731601,43.34474831669597,43.34474831669597,VESSEL_200000002,Cargo
200000002,2026-08-01 20:30:00,16.12245405696754,83.93616412306832,14.788012791689233,54.10080135533252,54.10080135533252,VESSEL_200000002,Cargo
200000002,2026-08-01 21:00:00,16.20702370747484,84.0268820986184,15.330703237452669,59.094263904878,59.094263904878,VESSEL_200000002,Cargo
200000002,2026-08-01 21:30:00,16.288160471057804,84.11191451969776,16.380841097645717,45.16750124836345,45.16750124836345,VESSEL_200000002,Cargo
200000002,2026-08-01 22:00:00,16.37204723025005,84.20926377144887,13.17432719506965,41.197762332616875,41.197762332616875,VESSEL_200000002,Cargo
200000002,2026-08-01 22:30:00,16.451889588412953,84.29577950329637,15.216223342145568,50.07693761721143,50.07693761721143,VESSEL_200000002,Cargo
200000002,2026-08-01 23:00:00,16.53890536757168,84.38526534990591,12.46648329949593,47.727766330099485,47.727766330099485,VESSEL_200000002,Cargo
200000002,2026-08-01 23:30:00,16.620669942071572,84.4797327590144,15.478540362349845,48.147205563440984,48.147205563440984,VESSEL_200000002,Cargo
200000003,2026-08-01 00:00:00,12.753905213362815,80.54891025164163,11.22880905582889,8.471115292486132,8.471115292486132,VESSEL_200000003,Tanker
200000003,2026-08-01 00:30:00,12.840606600003596,80.56370175919318,10.290738413083341,14.587416363729357,14.587416363729357,VESSEL_200000003,Tanker
200000003,2026-08-01 01:00:00,12.920877974051677,80.57735722944958,8.92609518296865,358.77174055436745,358.77174055436745,VESSEL_200000003,Tanker
200000003,2026-08-01 01:30:00,13.00880739521513,80.59716577923388,10.123396514028897,11.428771563318254,11.428771563318254,VESSEL_200000003,Tanker
200000003,2026-08-01 02:00:00,13.097642188390516,80.61403902102766,10.339142645685332,17.207750601455977,17.207750601455977,VESSEL_200000003,Tanker
200000003,2026-08-01 02:30:00,13.180947836015617,80.62542558964417,9.813880228212737,3.0371385907839112,3.0371385907839112,VESSEL_200000003,Tanker
200000003,2026-08-01 03:00:00,13.264287144292936,80.64210109004438,11.211865599790073,19.043670309438912,19.043670309438912,VESSEL_200000003,Tanker
200000003,2026-08-01 03:30:00,13.348598878271302,80.65931951568575,9.367736641253938,12.813306595925003,12.813306595925003,VESSEL_200000003,Tanker
200000003,2026-08-01 04:00:00,13.436400897302335,80.67058878642624,11.336577571979955,7.414817589565337,7.414817589565337,VESSEL_200000003,Tanker
200000003,2026-08-01 04:30:00,13.520895099428618,80.68782783058406,9.753997303723915,12.57927335708358,12.57927335708358,VESSEL_200000003,Tanker
200000003,2026-08-01 05:00:00,13.606884240525146,80.7063413967399,10.770202434340314,17.043129431249827,17.043129431249827,VESSEL_200000003,Tanker
200000003,2026-08-01 05:30:00,13.691876986206944,80.71844709443035,11.475502996983455,8.782380293122719,8.782380293122719,VESSEL_200000003,Tanker
200000003,2026-08-01 06:00:00,13.780091572699481,80.7378843016191,10.277143050208126,12.183700623840467,12.183700623840467,VESSEL_200000003,Tanker
200000003,2026-08-01 06:30:00,13.867064242232233,80.75698824577955,10.47766171554425,11.240774120194368,11.240774120194368,VESSEL_200000003,Tanker
200000003,2026-08-01 07:00:00,13.950614526728568,80.76685969998461,10.741350953029727,10.31050691383971,10.31050691383971,VESSEL_200000003,Tanker
200000003,2026-08-01 07:30:00,14.034389692138204,80.78260102176695,8.818713087102502,0.07490397365253365,0.07490397365253365,VESSEL_200000003,Tanker
200000003,2026-08-01 08:00:00,14.116826936790964,80.79906714613767,10.11508899376271,20.12597696575658,20.12597696575658,VESSEL_200000003,Tanker
200000003,2026-08-01 08:30:00,14.206573521058411,80.81377705180357,10.755989032862429,8.404429971857367,8.404429971857367,VESSEL_200000003,Tanker
200000003,2026-08-01 09:00:00,14.28909263594417,80.8317886226638,11.027451697386864,8.743528734188915,8.743528734188915,VESSEL_200000003,Tanker
200000003,2026-08-01 09:30:00,14.377088895987374,80.84485083224138,10.41461964277374,23.428189786588156,23.428189786588156,VESSEL_200000003,Tanker
200000003,2026-08-01 10:00:00,14.460707181708809,80.86571787503557,10.49980075858468,13.343706630257977,13.343706630257977,VESSEL_200000003,Tanker
200000003,2026-08-01 10:30:00,14.545447285136428,80.87822736818873,9.628798183686051,12.591327948396758,12.591327948396758,VESSEL_200000003,Tanker
200000003,2026-08-01 11:00:00,14.629157606448496,80.89561609115239,11.49356758485738,12.272478189795143,12.272478189795143,VESSEL_200000003,Tanker
200000003,2026-08-01 11:30:00,14.71558801266141,80.91090958916709,10.099607524865059,15.117556780934738,15.117556780934738,VESSEL_200000003,Tanker
200000003,2026-08-01 12:00:00,14.797797527261745,80.92504718060093,8.417468585287473,2.9645170024729675,2.9645170024729675,VESSEL_200000003,Tanker
200000003,2026-08-01 12:30:00,14.889487893191458,80.94322550262982,9.688800347126682,2.927303873404508,2.927303873404508,VESSEL_200000003,Tanker
200000003,2026-08-01 13:00:00,14.9661309403578,80.95606487897871,12.828695592658875,12.61424251092723,12.61424251092723,VESSEL_200000003,Tanker
200000003,2026-08-01 13:30:00,15.056240682763038,80.97379876774228,8.847322227417028,8.953204340120815,8.953204340120815,VESSEL_200000003,Tanker
200000003,2026-08-01 14:00:00,15.142858611582822,80.98841314334834,11.199086702101551,12.163047284789254,12.163047284789254,VESSEL_200000003,Tanker
200000003,2026-08-01 14:30:00,15.22929613797466,81.00292533741622,11.306095988822019,18.584505891728952,18.584505891728952,VESSEL_200000003,Tanker
200000003,2026-08-01 15:00:00,15.311319016200796,81.01824342799796,11.744064916731704,9.48310122013369,9.48310122013369,VESSEL_200000003,Tanker
200000003,2026-08-01 15:30:00,15.401366787325886,81.0348504852143,11.863326156682183,11.097250237636253,11.097250237636253,VESSEL_200000003,Tanker
200000003,2026-08-01 16:00:00,15.484375431490053,81.05458173001013,10.0465101029673,5.734210673984201,5.734210673984201,VESSEL_200000003,Tanker
200000003,2026-08-01 16:30:00,15.568261674729005,81.06807369919677,8.842521508230957,13.6271756668646,13.6271756668646,VESSEL_200000003,Tanker
200000003,2026-08-01 17:00:00,15.65338108981148,81.08518139394566,8.014020275511,6.506992278088148,6.506992278088148,VESSEL_200000003,Tanker
200000003,2026-08-01 17:30:00,15.7363855254459,81.09695004702017,10.655946481520415,9.543688026360218,9.543688026360218,VESSEL_200000003,Tanker
200000003,2026-08-01 18:00:00,15.824551535912127,81.11400087353884,10.611668821031415,5.3971409438934534,5.3971409438934534,VESSEL_200000003,Tanker
200000003,2026-08-01 18:30:00,15.911771819633476,81.13136131255108,10.793318518067572,13.222488367365308,13.222488367365308,VESSEL_200000003,Tanker
200000003,2026-08-01 19:00:00,15.996250785654949,81.14982286454446,10.321186409358962,8.904405061936108,8.904405061936108,VESSEL_200000003,Tanker
200000003,2026-08-01 19:30:00,16.07945072379427,81.15940492992655,9.163808792810396,5.9958345874544,5.9958345874544,VESSEL_200000003,Tanker
200000003,2026-08-01 20:00:00,16.166116247493335,81.1778547828534,10.459422638963632,6.612144766460428,6.612144766460428,VESSEL_200000003,Tanker
200000003,2026-08-01 20:30:00,16.253357806686335,81.19438175526972,10.248632272989454,7.175240430285433,7.175240430285433,VESSEL_200000003,Tanker
200000003,2026-08-01 21:00:00,16.337954122701607,81.20899561442879,8.960153320996424,10.099919873686968,10.099919873686968,VESSEL_200000003,Tanker
200000003,2026-08-01 21:30:00,16.42268116778575,81.22253701500954,10.598123973248914,3.1657087273200464,3.1657087273200464,VESSEL_200000003,Tanker
200000003,2026-08-01 22:00:00,16.51012929766328,81.24254904188133,10.155763246108506,12.257092842804358,12.257092842804358,VESSEL_200000003,Tanker
200000003,2026-08-01 22:30:00,16.58793691083331,81.2534571839194,10.114501660259341,5.079156046474696,5.079156046474696,VESSEL_200000003,Tanker
200000003,2026-08-01 23:00:00,16.679485377031824,81.27548120963012,9.231665860982169,6.252504133183029,6.252504133183029,VESSEL_200000003,Tanker
200000003,2026-08-01 23:30:00,16.763827310104837,81.29042558619433,9.185906267871568,11.685001765143703,11.685001765143703,VESSEL_200000003,Tanker
200000004,2026-08-01 00:00:00,13.137689960049057,80.4741445557547,8.7181093357868,128.8004365114658,128.8004365114658,VESSEL_200000004,Fishing
200000004,2026-08-01 00:30:00,13.096865731833484,80.53470936842409,9.75410815154302,121.84973563591932,121.84973563591932,VESSEL_200000004,Fishing
200000004,2026-08-01 01:00:00,13.055061620758817,80.60027164104625,8.602082465539974,127.44308812672023,127.44308812672023,VESSEL_200000004,Fishing
200000004,2026-08-01 01:30:00,13.010168893220701,80.66569053842274,7.553100431257402,127.42760227233882,127.42760227233882,VESSEL_200000004,Fishing
200000004,2026-08-01 02:00:00,12.96270473808377,80.72853241549379,7.814963313243149,126.96904081041288,126.96904081041288,VESSEL_200000004,Fishing
200000004,2026-08-01 02:30:00,12.919290470309598,80.78876411754584,9.952517885124609,125.94565268108131,125.94565268108131,VESSEL_200000004,Fishing
200000004,2026-08-01 03:00:00,12.875806028446519,80.85749926812015,8.798045327072467,124.89796844255224,124.89796844255224,VESSEL_200000004,Fishing
200000004,2026-08-01 03:30:00,12.833702122875755,80.91662510212959,9.70983404204214,122.07016833687393,122.07016833687393,VESSEL_200000004,Fishing
200000004,2026-08-01 04:00:00,12.788471333267058,80.9838572428532,8.198111696129777,112.67352841805011,112.67352841805011,VESSEL_200000004,Fishing
200000004,2026-08-01 04:30:00,12.748646797832606,81.04949813705456,8.833428483192877,115.05323986959664,115.05323986959664,VESSEL_200000004,Fishing
200000004,2026-08-01 05:00:00,12.700934269821284,81.10709455882541,9.048773907619953,119.17048986308832,119.17048986308832,VESSEL_200000004,Fishing
200000004,2026-08-01 05:30:00,12.658844673989721,81.17198354305141,7.744292128822903,128.233413731172,128.233413731172,VESSEL_200000004,Fishing
200000004,2026-08-01 06:00:00,12.617921235599752,81.23454597254145,8.901372586573704,124.02741400065996,124.02741400065996,VESSEL_200000004,Fishing
200000004,2026-08-01 06:30:00,12.57117669310089,81.29400823224131,9.403088451619512,122.78511032538351,122.78511032538351,VESSEL_200000004,Fishing
200000004,2026-08-01 07:00:00,12.529772143523958,81.36038875356046,10.90658535976173,119.21872658378753,119.21872658378753,VESSEL_200000004,Fishing
200000004,2026-08-01 07:30:00,12.483381325762744,81.4246434231314,8.369650500777427,125.62441064588226,125.62441064588226,VESSEL_200000004,Fishing
200000004,2026-08-01 08:00:00,12.440762159033895,81.48662456277098,7.546735099472446,124.64961594031034,124.64961594031034,VESSEL_200000004,Fishing
200000004,2026-08-01 08:30:00,12.392662589101738,81.54985498787798,9.157109978957088,116.20916899261998,116.20916899261998,VESSEL_200000004,Fishing
200000004,2026-08-01 09:00:00,12.347366432543774,81.6147713270021,8.71597905247253,111.91370836359472,111.91370836359472,VESSEL_200000004,Fishing
200000004,2026-08-01 09:30:00,12.308297751226725,81.67761945641735,8.524822924605726,118.15327901740636,118.15327901740636,VESSEL_200000004,Fishing
200000004,2026-08-01 10:00:00,12.26452999287723,81.74104094172768,11.621300031326284,126.83837306632225,126.83837306632225,VESSEL_200000004,Fishing
200000004,2026-08-01 10:30:00,12.219764097298217,81.80327590819807,10.055473615843,127.86285607893834,127.86285607893834,VESSEL_200000004,Fishing
200000004,2026-08-01 11:00:00,12.177622454963917,81.86583464179677,8.803290275698247,122.34191421813766,122.34191421813766,VESSEL_200000004,Fishing
200000004,2026-08-01 11:30:00,12.132830922320236,81.93314156009038,8.779857255492908,122.6135614337321,122.6135614337321,VESSEL_200000004,Fishing
200000004,2026-08-01 12:00:00,12.08800778725671,81.99292081178551,10.1907514017821,113.47854361960233,113.47854361960233,VESSEL_200000004,Fishing
200000004,2026-08-01 12:30:00,12.04185653664623,82.05511502569335,6.918341736256065,119.91923785085355,119.91923785085355,VESSEL_200000004,Fishing
200000004,2026-08-01 13:00:00,11.997809948439466,82.11954517262798,10.351663640302473,123.51212681674406,123.51212681674406,VESSEL_200000004,Fishing
200000004,2026-08-01 13:30:00,11.953708947161708,82.18310099643034,10.28787137008356,119.85763599212304,119.85763599212304,VESSEL_200000004,Fishing
200000004,2026-08-01 14:00:00,11.9100797387655,82.24759952700707,9.017161632911408,127.97485352624494,127.97485352624494,VESSEL_200000004,Fishing
200000004,2026-08-01 14:30:00,11.868003908880844,82.31115327996044,8.20361963460157,124.67700681875623,124.67700681875623,VESSEL_200000004,Fishing
200000004,2026-08-01 15:00:00,11.823740136366801,82.3705856943918,7.6752198007735215,128.16617524907087,128.16617524907087,VESSEL_200000004,Fishing
200000004,2026-08-01 15:30:00,11.779589925562185,82.43424043925246,9.142518811718878,130.37752435944407,130.37752435944407,VESSEL_200000004,Fishing
200000004,2026-08-01 16:00:00,11.731860668566968,82.4965592460117,8.315811306746943,132.0433244062992,132.0433244062992,VESSEL_200000004,Fishing
200000004,2026-08-01 16:30:00,11.693117632154644,82.56435468144817,8.098536829515979,119.13975069634493,119.13975069634493,VESSEL_200000004,Fishing
200000004,2026-08-01 17:00:00,11.649578399553343,82.62620411920486,9.787436567506337,123.7990751180553,123.7990751180553,VESSEL_200000004,Fishing
200000004,2026-08-01 17:30:00,11.6053693735039,82.68967133228855,10.016465137727135,128.77247148241992,128.77247148241992,VESSEL_200000004,Fishing
200000004,2026-08-01 18:00:00,11.557703655993299,82.7481280805838,10.240443146293718,130.67605553900725,130.67605553900725,VESSEL_200000004,Fishing
200000004,2026-08-01 18:30:00,11.515032467874148,82.81217047045713,9.337732569649411,129.39162120445022,129.39162120445022,VESSEL_200000004,Fishing
200000004,2026-08-01 19:00:00,11.476799216889138,82.88019025999019,8.866981052056515,120.27177696477325,120.27177696477325,VESSEL_200000004,Fishing
200000004,2026-08-01 19:30:00,11.429357244358702,82.94182665901396,8.223629842913393,134.981208327014,134.981208327014,VESSEL_200000004,Fishing
200000004,2026-08-01 20:00:00,11.389034992510597,83.00796480936458,8.317847350833082,129.01252669418395,129.01252669418395,VESSEL_200000004,Fishing
200000004,2026-08-01 20:30:00,11.342874222456542,83.06984532682162,10.488363015685987,127.91428578700395,127.91428578700395,VESSEL_200000004,Fishing
200000004,2026-08-01 21:00:00,11.299205312041247,83.13350157171571,9.579489156644316,115.81937442412665,115.81937442412665,VESSEL_200000004,Fishing
200000004,2026-08-01 21:30:00,11.254022839654553,83.194382898807,7.958856791002189,133.14651316920168,133.14651316920168,VESSEL_200000004,Fishing
200000004,2026-08-01 22:00:00,11.213443902112596,83.26148124750104,9.493911165498083,131.49055567746086,131.49055567746086,VESSEL_200000004,Fishing
200000004,2026-08-01 22:30:00,11.16614033172312,83.32243592443,8.145226378180226,126.72238659519176,126.72238659519176,VESSEL_200000004,Fishing
200000004,2026-08-01 23:00:00,11.122367311149858,83.38269254921828,9.187500636825613,124.33878225341353,124.33878225341353,VESSEL_200000004,Fishing
200000004,2026-08-01 23:30:00,11.08197197555739,83.45035380368472,9.250143187733675,125.98136662170297,125.98136662170297,VESSEL_200000004,Fishing
200000005,2026-08-01 00:00:00,13.22673598356331,80.36559957547783,11.243093729556298,225.80145404953853,225.80145404953853,VESSEL_200000005,Cargo
200000005,2026-08-01 00:30:00,13.16015488974548,80.30590408038736,11.727573300908688,229.14124944435397,229.14124944435397,VESSEL_200000005,Cargo
200000005,2026-08-01 01:00:00,13.101280103145584,80.24427651918283,9.886826587039613,218.42663661308205,218.42663661308205,VESSEL_200000005,Cargo
200000005,2026-08-01 01:30:00,13.035417763960913,80.18300649594444,12.019203026613829,229.3450290015828,229.3450290015828,VESSEL_200000005,Cargo
200000005,2026-08-01 02:00:00,12.969964221529949,80.11780876722466,10.412765317997867,224.93128672392498,224.93128672392498,VESSEL_200000005,Cargo
200000005,2026-08-01 02:30:00,12.905324637043831,80.0571906338729,10.984756729978663,221.32534204281933,221.32534204281933,VESSEL_200000005,Cargo
200000005,2026-08-01 03:00:00,12.839972796058758,79.99701857086434,10.329879334879559,225.06565269476414,225.06565269476414,VESSEL_200000005,Cargo
200000005,2026-08-01 03:30:00,12.77727546096351,79.93216605030022,10.250630791143351,231.03401544945467,231.03401544945467,VESSEL_200000005,Cargo
200000005,2026-08-01 04:00:00,12.709905018583937,79.86826084251115,8.870026761766253,223.99068048275572,223.99068048275572,VESSEL_200000005,Cargo
200000005,2026-08-01 04:30:00,12.64779113685707,79.81030817280491,11.946061743937266,210.48095858435767,210.48095858435767,VESSEL_200000005,Cargo
200000005,2026-08-01 05:00:00,12.584021294741465,79.75171551402605,9.60409115011705,221.9460981909229,221.9460981909229,VESSEL_200000005,Cargo
200000005,2026-08-01 05:30:00,12.517223767849744,79.68485318863696,10.405609909985724,230.9825571682949,230.9825571682949,VESSEL_200000005,Cargo
200000005,2026-08-01 06:00:00,12.457904449726774,79.62401924538571,12.636932129073234,224.0230131347955,224.0230131347955,VESSEL_200000005,Cargo
200000005,2026-08-01 06:30:00,12.3932371831208,79.56255376964316,10.862929741054907,225.67250311308655,225.67250311308655,VESSEL_200000005,Cargo
200000005,2026-08-01 07:00:00,12.331587633117731,79.50249218119883,10.0246073850573,228.69012010125167,228.69012010125167,VESSEL_200000005,Cargo
200000005,2026-08-01 07:30:00,12.260006385376427,79.43785935279001,11.640473274900875,224.00055868872812,224.00055868872812,VESSEL_200000005,Cargo
200000005,2026-08-01 08:00:00,12.196787326971217,79.37691606670622,11.068455041614198,225.9699602370531,225.9699602370531,VESSEL_200000005,Cargo
200000005,2026-08-01 08:30:00,12.127856365968382,79.31627048470638,9.749852495178462,216.63363507207532,216.63363507207532,VESSEL_200000005,Cargo
200000005,2026-08-01 09:00:00,12.067113602037674,79.25315454448247,10.038365750436483,228.00029003821223,228.00029003821223,VESSEL_200000005,Cargo
200000005,2026-08-01 09:30:00,12.000046198884249,79.19022193808497,10.146997780075763,223.61219439817566,223.61219439817566,VESSEL_200000005,Cargo
200000005,2026-08-01 10:00:00,11.938788402477883,79.12706928278995,11.456154592464992,224.16014259154588,224.16014259154588,VESSEL_200000005,Cargo
200000005,2026-08-01 10:30:00,11.869946906093563,79.06321712891507,10.719552622079453,222.7402941609406,222.7402941609406,VESSEL_200000005,Cargo
200000005,2026-08-01 11:00:00,11.809024083064637,79.00512758998948,10.957431754518945,228.58337879911386,228.58337879911386,VESSEL_200000005,Cargo
200000005,2026-08-01 11:30:00,11.74250883818155,78.94088885482341,9.638548057121382,225.2897140857159,225.2897140857159,VESSEL_200000005,Cargo
200000005,2026-08-01 12:00:00,11.682721067432276,78.88041936223942,8.23017207084911,215.3251664368205,215.3251664368205,VESSEL_200000005,Cargo
200000005,2026-08-01 12:30:00,11.614065223920989,78.81821582644758,10.323483287754037,224.03803636477696,224.03803636477696,VESSEL_200000005,Cargo
200000005,2026-08-01 13:00:00,11.550607929396534,78.75947920655034,10.055854609327396,219.53354095249466,219.53354095249466,VESSEL_200000005,Cargo
200000005,2026-08-01 13:30:00,11.487689297826819,78.69235848629607,11.121563620328766,224.3578966685037,224.3578966685037,VESSEL_200000005,Cargo
200000005,2026-08-01 14:00:00,11.42193678646154,78.6366555657569,10.109664469714046,234.14662160249276,234.14662160249276,VESSEL_200000005,Cargo
200000005,2026-08-01 14:30:00,11.35728093323452,78.56897422375933,10.80179149600359,218.46390474827854,218.46390474827854,VESSEL_200000005,Cargo
200000005,2026-08-01 15:00:00,11.291728409128947,78.51037156635599,11.287454003658889,220.73429224860107,220.73429224860107,VESSEL_200000005,Cargo
200000005,2026-08-01 15:30:00,11.230706855806266,78.44994175837867,12.168173671572054,226.492197785501,226.492197785501,VESSEL_200000005,Cargo
200000005,2026-08-01 16:00:00,11.166959027631943,78.38191438911335,10.413965366380301,219.51010446825524,219.51010446825524,VESSEL_200000005,Cargo
200000005,2026-08-01 16:30:00,11.099970746621626,78.32258233063759,10.56571407305903,233.2560051508926,233.2560051508926,VESSEL_200000005,Cargo
200000005,2026-08-01 17:00:00,11.034892979998128,78.26260205681703,10.499602585084528,224.22369718965655,224.22369718965655,VESSEL_200000005,Cargo
200000005,2026-08-01 17:30:00,10.970744577643439,78.20072036342127,11.89717945055594,232.08210073788902,232.08210073788902,VESSEL_200000005,Cargo
200000005,2026-08-01 18:00:00,10.906851909137984,78.13905205216807,9.581007405823197,223.40574703779427,223.40574703779427,VESSEL_200000005,Cargo
200000005,2026-08-01 18:30:00,10.843613372595533,78.07765413877951,10.943481647803814,228.27710054771214,228.27710054771214,VESSEL_200000005,Cargo
200000005,2026-08-01 19:00:00,10.778214451775352,78.01637205712588,11.021231071965875,222.0666391720172,222.0666391720172,VESSEL_200000005,Cargo
200000005,2026-08-01 19:30:00,10.713404725562828,77.94615949896432,11.114757651393813,205.60306662379844,205.60306662379844,VESSEL_200000005,Cargo
200000005,2026-08-01 20:00:00,10.64478624092575,77.89097346802458,11.209401252275558,218.03298684917272,218.03298684917272,VESSEL_200000005,Cargo
200000005,2026-08-01 20:30:00,10.582309088348401,77.83086025590661,10.247841783436087,235.0597323118873,235.0597323118873,VESSEL_200000005,Cargo
200000005,2026-08-01 21:00:00,10.519229577417406,77.76698448938981,12.348746313507371,224.50026633083945,224.50026633083945,VESSEL_200000005,Cargo
200000005,2026-08-01 21:30:00,10.452728853853975,77.70399820523934,10.696261178818673,217.02142248886454,217.02142248886454,VESSEL_200000005,Cargo
200000005,2026-08-01 22:00:00,10.389722002364273,77.64078251906142,11.656229672196197,224.01819012079864,224.01819012079864,VESSEL_200000005,Cargo
200000005,2026-08-01 22:30:00,10.325168199700258,77.58010378249483,10.95499393341493,226.92920174832128,226.92920174832128,VESSEL_200000005,Cargo
200000005,2026-08-01 23:00:00,10.259234491432814,77.51628221419752,11.836551130411294,221.78344638884872,221.78344638884872,VESSEL_200000005,Cargo
200000005,2026-08-01 23:30:00,10.193900356396556,77.4573022579882,11.19524172104145,216.19155446358883,216.19155446358883,VESSEL_200000005,Cargo
200000006,2026-08-01 00:00:00,12.803532762553383,80.4397091107499,8.09991763992879,302.14877127722394,302.14877127722394,VESSEL_200000006,Tanker
200000006,2026-08-01 00:30:00,12.847805972859247,80.38434277120011,10.196907453999597,311.13676142837664,311.13676142837664,VESSEL_200000006,Tanker
200000006,2026-08-01 01:00:00,12.88556895416799,80.32442685424368,9.169360271183482,305.16861181734447,305.16861181734447,VESSEL_200000006,Tanker
200000006,2026-08-01 01:30:00,12.925773511797917,80.26770611192023,8.343254753373305,300.91628738897884,300.91628738897884,VESSEL_200000006,Tanker
200000006,2026-08-01 02:00:00,12.964406598181267,80.20966361815081,8.405530690599194,306.2637719551888,306.2637719551888,VESSEL_200000006,Tanker
200000006,2026-08-01 02:30:00,13.006299263688186,80.1499833062084,9.158785563029044,306.4569350881391,306.4569350881391,VESSEL_200000006,Tanker
200000006,2026-08-01 03:00:00,13.042213039920801,80.09595479045542,7.901792655642321,296.2872453549212,296.2872453549212,VESSEL_200000006,Tanker
200000006,2026-08-01 03:30:00,13.082316139566295,80.03336528229056,8.454710718056772,303.19346954311595,303.19346954311595,VESSEL_200000006,Tanker
200000006,2026-08-01 04:00:00,13.12345612394103,79.97898396828174,8.742412760591941,306.1429614240686,306.1429614240686,VESSEL_200000006,Tanker
200000006,2026-08-01 04:30:00,13.164673005681813,79.92131402542563,6.294584057621795,302.74053080952484,302.74053080952484,VESSEL_200000006,Tanker
200000006,2026-08-01 05:00:00,13.19921648952902,79.86249106768209,8.397904427174893,309.79038344479557,309.79038344479557,VESSEL_200000006,Tanker
200000006,2026-08-01 05:30:00,13.245675739334285,79.80516168966385,7.902176322002338,306.9885276335758,306.9885276335758,VESSEL_200000006,Tanker
200000006,2026-08-01 06:00:00,13.281968196165037,79.74709054600332,9.388673716360005,301.77386534090004,301.77386534090004,VESSEL_200000006,Tanker
200000006,2026-08-01 06:30:00,13.324358949609014,79.69078532578244,7.447745582268416,309.43219271193414,309.43219271193414,VESSEL_200000006,Tanker
200000006,2026-08-01 07:00:00,13.363868285912115,79.63197156655866,7.640213941371585,300.2666919779693,300.2666919779693,VESSEL_200000006,Tanker
200000006,2026-08-01 07:30:00,13.40111938895841,79.57519009544936,7.44691223199784,306.7502833139465,306.7502833139465,VESSEL_200000006,Tanker
200000006,2026-08-01 08:00:00,13.439434763945304,79.51603396109276,8.512185153973247,316.78837279614174,316.78837279614174,VESSEL_200000006,Tanker
200000006,2026-08-01 08:30:00,13.478887204582863,79.46172331913347,8.552379813386517,306.61858166092696,306.61858166092696,VESSEL_200000006,Tanker
200000006,2026-08-01 09:00:00,13.521602092611523,79.40200593537574,8.24885229503722,311.8329729781344,311.8329729781344,VESSEL_200000006,Tanker
200000006,2026-08-01 09:30:00,13.56017601538714,79.34571814262257,7.758170279186215,304.2614628388407,304.2614628388407,VESSEL_200000006,Tanker
200000006,2026-08-01 10:00:00,13.598668593461854,79.28670091265776,9.847663356325771,304.17594117174286,304.17594117174286,VESSEL_200000006,Tanker
200000006,2026-08-01 10:30:00,13.64014230805987,79.2258988230298,8.17324474584693,296.5987507722395,296.5987507722395,VESSEL_200000006,Tanker
200000006,2026-08-01 11:00:00,13.678433884374684,79.170918820787,9.721550597140634,318.6087763769947,318.6087763769947,VESSEL_200000006,Tanker
200000006,2026-08-01 11:30:00,13.718810031068822,79.11567304074693,8.646289879800886,303.80648383711525,303.80648383711525,VESSEL_200000006,Tanker
200000006,2026-08-01 12:00:00,13.76057195103326,79.05526346513986,8.512933125011456,302.5210562567138,302.5210562567138,VESSEL_200000006,Tanker
200000006,2026-08-01 12:30:00,13.796634103701054,78.99438957350631,9.055782282680465,303.17922162041856,303.17922162041856,VESSEL_200000006,Tanker
200000006,2026-08-01 13:00:00,13.837961706112182,78.93983102690366,9.197469652314865,305.4645417859791,305.4645417859791,VESSEL_200000006,Tanker
200000006,2026-08-01 13:30:00,13.877565334929056,78.88460379330037,9.98172290238087,307.0355053474614,307.0355053474614,VESSEL_200000006,Tanker
200000006,2026-08-01 14:00:00,13.92054833271587,78.82697231912155,9.53263671580375,307.63321795641025,307.63321795641025,VESSEL_200000006,Tanker
200000006,2026-08-01 14:30:00,13.959521260678175,78.76786491201348,7.305199724852194,308.0663378551451,308.0663378551451,VESSEL_200000006,Tanker
200000006,2026-08-01 15:00:00,13.995336499532616,78.70757358369539,9.706102467207325,308.76382288431813,308.76382288431813,VESSEL_200000006,Tanker
200000006,2026-08-01 15:30:00,14.040746484945084,78.65095662557712,7.25028855812247,303.3605360854954,303.3605360854954,VESSEL_200000006,Tanker
200000006,2026-08-01 16:00:00,14.077699311851037,78.59399514351604,9.53621787815594,302.75636994582993,302.75636994582993,VESSEL_200000006,Tanker
200000006,2026-08-01 16:30:00,14.117922879091005,78.53419710352335,8.852854677443052,304.57826482177535,304.57826482177535,VESSEL_200000006,Tanker
200000006,2026-08-01 17:00:00,14.155442744361673,78.47803989083673,8.218361652884017,303.2119464241617,303.2119464241617,VESSEL_200000006,Tanker
200000006,2026-08-01 17:30:00,14.200208614413622,78.42065184929533,8.158641289221901,294.0754672827964,294.0754672827964,VESSEL_200000006,Tanker
200000006,2026-08-01 18:00:00,14.23460107811597,78.36265978618988,7.7166847232225955,311.4712600377361,311.4712600377361,VESSEL_200000006,Tanker
200000006,2026-08-01 18:30:00,14.275783178159982,78.30810001327629,8.464242033449606,304.748861252955,304.748861252955,VESSEL_200000006,Tanker
200000006,2026-08-01 19:00:00,14.315659021706193,78.24786790901975,10.121332402449097,292.96466843709106,292.96466843709106,VESSEL_200000006,Tanker
200000006,2026-08-01 19:30:00,14.351557084003582,78.18911116659325,8.417065281336807,308.0132441946672,308.0132441946672,VESSEL_200000006,Tanker
200000006,2026-08-01 20:00:00,14.39622991077936,78.13176620816846,9.421581092641,309.7136990866108,309.7136990866108,VESSEL_200000006,Tanker
200000006,2026-08-01 20:30:00,14.43537541293669,78.07679720687806,8.675182662831366,301.7553069369327,301.7553069369327,VESSEL_200000006,Tanker
200000006,2026-08-01 21:00:00,14.47612649184299,78.0174303097171,8.403877246153725,311.92748993179504,311.92748993179504,VESSEL_200000006,Tanker
200000006,2026-08-01 21:30:00,14.509552674798755,77.95671090687048,7.215466973024868,302.74641883300313,302.74641883300313,VESSEL_200000006,Tanker
200000006,2026-08-01 22:00:00,14.553668763607146,77.89886881565411,7.417379367088412,300.2585136782293,300.2585136782293,VESSEL_200000006,Tanker
200000006,2026-08-01 22:30:00,14.598816389021673,77.847824142584,7.990787981714589,302.7448056193131,302.7448056193131,VESSEL_200000006,Tanker
200000006,2026-08-01 23:00:00,14.631326693733989,77.78274158960092,8.285657212990714,299.573462154627,299.573462154627,VESSEL_200000006,Tanker
200000006,2026-08-01 23:30:00,14.673178961555884,77.72569463046814,7.64056294108898,305.3058575473613,305.3058575473613,VESSEL_200000006,Tanker
200000007,2026-08-01 00:00:00,12.860817633503862,80.36222495121385,13.630312693854037,106.42792518778742,106.42792518778742,VESSEL_200000007,Passenger
200000007,2026-08-01 00:30:00,12.816804215722387,80.46608624167847,14.253916750946829,112.60492319595507,112.60492319595507,VESSEL_200000007,Passenger
200000007,2026-08-01 01:00:00,12.775518723147236,80.57176681454604,13.384297254072477,117.06047174386188,117.06047174386188,VESSEL_200000007,Passenger
200000007,2026-08-01 01:30:00,12.731341306570895,80.67806904101535,12.412951489649732,108.67719712739141,108.67719712739141,VESSEL_200000007,Passenger
200000007,2026-08-01 02:00:00,12.685462111408473,80.77642778852181,12.31841023718055,110.87889202968192,110.87889202968192,VESSEL_200000007,Passenger
200000007,2026-08-01 02:30:00,12.638351281488438,80.88273583601999,12.990387750066638,109.93880037455462,109.93880037455462,VESSEL_200000007,Passenger
200000007,2026-08-01 03:00:00,12.591104708175148,80.9855778889856,15.922584247748292,114.79741803910493,114.79741803910493,VESSEL_200000007,Passenger
200000007,2026-08-01 03:30:00,12.549321454647268,81.0907550321164,13.454994693286181,109.74209277632538,109.74209277632538,VESSEL_200000007,Passenger
200000007,2026-08-01 04:00:00,12.497263074103106,81.19337344730866,11.830332690491835,102.06094379341911,102.06094379341911,VESSEL_200000007,Passenger
200000007,2026-08-01 04:30:00,12.455194327058832,81.30317565603083,13.596515202767876,119.76268149478302,119.76268149478302,VESSEL_200000007,Passenger
200000007,2026-08-01 05:00:00,12.413425564395716,81.40648714113321,12.740054375167656,115.92961745414051,115.92961745414051,VESSEL_200000007,Passenger
200000007,2026-08-01 05:30:00,12.369079581944547,81.50816500770703,14.200491741088396,116.14080147605132,116.14080147605132,VESSEL_200000007,Passenger
200000007,2026-08-01 06:00:00,12.321541602468624,81.61146904423669,12.456823038573958,113.74239039278447,113.74239039278447,VESSEL_200000007,Passenger
200000007,2026-08-01 06:30:00,12.278313281682948,81.71652580825003,13.667536711798329,116.16254786386959,116.16254786386959,VESSEL_200000007,Passenger
200000007,2026-08-01 07:00:00,12.233914197609185,81.8256108989609,14.917932202670274,108.30340551939443,108.30340551939443,VESSEL_200000007,Passenger
200000007,2026-08-01 07:30:00,12.191063542833414,81.92584146452126,14.685824182926657,113.6497958134326,113.6497958134326,VESSEL_200000007,Passenger
200000007,2026-08-01 08:00:00,12.141890625891909,82.02768430262053,13.469386860255883,105.51294650664912,105.51294650664912,VESSEL_200000007,Passenger
200000007,2026-08-01 08:30:00,12.099668077354993,82.13872956046409,12.84404038117554,114.81971639577351,114.81971639577351,VESSEL_200000007,Passenger
200000007,2026-08-01 09:00:00,12.051301250073777,82.23883528449925,14.415446074337602,113.11717137396009,113.11717137396009,VESSEL_200000007,Passenger
200000007,2026-08-01 09:30:00,12.01124988343614,82.34352406781183,14.640287702946718,113.79692974796606,113.79692974796606,VESSEL_200000007,Passenger
200000007,2026-08-01 10:00:00,11.96438069760625,82.4479904962643,13.591392532920647,112.73236828668249,112.73236828668249,VESSEL_200000007,Passenger
200000007,2026-08-01 10:30:00,11.916135581591556,82.55460525345782,14.291200376050595,116.27763615770499,116.27763615770499,VESSEL_200000007,Passenger
200000007,2026-08-01 11:00:00,11.875900181363567,82.66057605880086,13.266006680623095,115.17512427534805,115.17512427534805,VESSEL_200000007,Passenger
200000007,2026-08-01 11:30:00,11.8265976029117,82.76212035864033,13.041201921353366,121.41021422885741,121.41021422885741,VESSEL_200000007,Passenger
200000007,2026-08-01 12:00:00,11.783590754825388,82.8660338685616,14.834569942328606,102.4567856342001,102.4567856342001,VESSEL_200000007,Passenger
200000007,2026-08-01 12:30:00,11.733853707569457,82.97245788293797,13.701419818589597,114.56209418448096,114.56209418448096,VESSEL_200000007,Passenger
200000007,2026-08-01 13:00:00,11.690247674787035,83.07521601701555,15.644460780873573,117.43086078215647,117.43086078215647,VESSEL_200000007,Passenger
200000007,2026-08-01 13:30:00,11.648258434318443,83.17878065542675,13.246378518602835,102.66387323717707,102.66387323717707,VESSEL_200000007,Passenger
200000007,2026-08-01 14:00:00,11.603452856304484,83.28574600827365,12.065332043301614,110.00277822164308,110.00277822164308,VESSEL_200000007,Passenger
200000007,2026-08-01 14:30:00,11.55564120043266,83.38652061847678,13.69443299729413,102.88785190823478,102.88785190823478,VESSEL_200000007,Passenger
200000007,2026-08-01 15:00:00,11.514203224808325,83.49435530981597,13.389848782435317,100.90632013325445,100.90632013325445,VESSEL_200000007,Passenger
200000007,2026-08-01 15:30:00,11.466000400914092,83.59970968235403,10.862957089743658,111.57224562220956,111.57224562220956,VESSEL_200000007,Passenger
200000007,2026-08-01 16:00:00,11.420651790843646,83.70324929789871,12.96583741832877,115.32963278685521,115.32963278685521,VESSEL_200000007,Passenger
200000007,2026-08-01 16:30:00,11.379161267473405,83.80970888778472,13.43800942679686,115.19008453129021,115.19008453129021,VESSEL_200000007,Passenger
200000007,2026-08-01 17:00:00,11.330078789911296,83.91281354204156,12.880442522400866,110.50609186273843,110.50609186273843,VESSEL_200000007,Passenger
200000007,2026-08-01 17:30:00,11.288022959514338,84.01170322503401,13.869721399401168,118.14719404780222,118.14719404780222,VESSEL_200000007,Passenger
200000007,2026-08-01 18:00:00,11.243671876985516,84.11604747740606,13.517142076142571,117.02000719807461,117.02000719807461,VESSEL_200000007,Passenger
200000007,2026-08-01 18:30:00,11.194348586041073,84.2214720193165,14.51749497455375,114.6603398541636,114.6603398541636,VESSEL_200000007,Passenger
200000007,2026-08-01 19:00:00,11.153947060971744,84.33173681976909,14.109504148978433,116.59930273534306,116.59930273534306,VESSEL_200000007,Passenger
200000007,2026-08-01 19:30:00,11.113563163096412,84.43198649984737,12.843068606853734,115.44884467441283,115.44884467441283,VESSEL_200000007,Passenger
200000007,2026-08-01 20:00:00,11.064038208335239,84.53575695698937,12.608554350917382,124.85908479362755,124.85908479362755,VESSEL_200000007,Passenger
200000007,2026-08-01 20:30:00,11.018832467451722,84.63974209582018,14.556881672751828,112.76413692537048,112.76413692537048,VESSEL_200000007,Passenger
200000007,2026-08-01 21:00:00,10.972691571852796,84.74672749113654,12.34906910224054,115.07299870276302,115.07299870276302,VESSEL_200000007,Passenger
200000007,2026-08-01 21:30:00,10.932041798595378,84.85093157952682,13.264739266688766,110.77433628103594,110.77433628103594,VESSEL_200000007,Passenger
200000007,2026-08-01 22:00:00,10.88241376326771,84.95388757765605,13.263144837713957,117.89141988854999,117.89141988854999,VESSEL_200000007,Passenger
200000007,2026-08-01 22:30:00,10.834786579242467,85.06051578192267,13.261264845329668,115.19460161165402,115.19460161165402,VESSEL_200000007,Passenger
200000007,2026-08-01 23:00:00,10.791017575862968,85.16584532276526,14.886586330644104,118.10781531192752,118.10781531192752,VESSEL_200000007,Passenger
200000007,2026-08-01 23:30:00,10.745260596366268,85.26924258158341,14.04580645810794,105.28350644751433,105.28350644751433,VESSEL_200000007,Passenger
200000008,2026-08-01 00:00:00,12.776743616908245,80.50084150536797,14.660989860709286,182.1079751002635,182.1079751002635,VESSEL_200000008,Cargo
200000008,2026-08-01 00:30:00,12.668147327145272,80.46587354092767,11.682857378071635,196.91416516033877,196.91416516033877,VESSEL_200000008,Cargo
200000008,2026-08-01 01:00:00,12.563900769980165,80.43233826766289,13.771356889488478,191.86413248269503,191.86413248269503,VESSEL_200000008,Cargo
200000008,2026-08-01 01:30:00,12.452680480568382,80.40577475104969,12.892398130686782,198.75431231423033,198.75431231423033,VESSEL_200000008,Cargo
200000008,2026-08-01 02:00:00,12.342902918564016,80.37485315930344,14.037608397105105,195.5307506559259,195.5307506559259,VESSEL_200000008,Cargo
200000008,2026-08-01 02:30:00,12.240417497996534,80.33661744572204,14.617486692551264,194.82332599169507,194.82332599169507,VESSEL_200000008,Cargo
200000008,2026-08-01 03:00:00,12.131479316126835,80.3067623337493,12.854304548053022,199.91660292731925,199.91660292731925,VESSEL_200000008,Cargo
200000008,2026-08-01 03:30:00,12.025020319037537,80.27735770166133,13.426161261313036,199.0092489245631,199.0092489245631,VESSEL_200000008,Cargo
200000008,2026-08-01 04:00:00,11.916291858029876,80.24882222946064,11.867025534368107,202.74793648699213,202.74793648699213,VESSEL_200000008,Cargo
200000008,2026-08-01 04:30:00,11.812486420599564,80.21096700856519,15.66422956135458,201.4207012839038,201.4207012839038,VESSEL_200000008,Cargo
200000008,2026-08-01 05:00:00,11.704313933892164,80.18103593095046,13.21772979257993,195.39620573397917,195.39620573397917,VESSEL_200000008,Cargo
200000008,2026-08-01 05:30:00,11.595773767251554,80.15209081952577,13.616270168660026,191.88603175349076,191.88603175349076,VESSEL_200000008,Cargo
200000008,2026-08-01 06:00:00,11.489262610364083,80.11943930886778,14.089615479246392,200.17074440180212,200.17074440180212,VESSEL_200000008,Cargo
200000008,2026-08-01 06:30:00,11.379692950159393,80.08404758944003,12.566762520157827,188.26593362688791,188.26593362688791,VESSEL_200000008,Cargo
200000008,2026-08-01 07:00:00,11.273329753823198,80.05404723060713,12.994968246268897,181.66515574745185,181.66515574745185,VESSEL_200000008,Cargo
200000008,2026-08-01 07:30:00,11.162982271841114,80.02476436987568,12.770329950735476,198.2462082574614,198.2462082574614,VESSEL_200000008,Cargo
200000008,2026-08-01 08:00:00,11.055316586100949,79.99370865993689,13.29092829074393,197.89345185159488,197.89345185159488,VESSEL_200000008,Cargo
200000008,2026-08-01 08:30:00,10.95537056672506,79.96217268957264,13.128390329511548,193.47714894482542,193.47714894482542,VESSEL_200000008,Cargo
200000008,2026-08-01 09:00:00,10.842688967298654,79.9284681662677,13.329731816547735,194.46702914415985,194.46702914415985,VESSEL_200000008,Cargo
200000008,2026-08-01 09:30:00,10.73889547000351,79.8955285103865,15.734545043835926,196.89696268793807,196.89696268793807,VESSEL_200000008,Cargo
200000008,2026-08-01 10:00:00,10.632152794470937,79.86478012941477,14.397916524048055,192.8201946115886,192.8201946115886,VESSEL_200000008,Cargo
200000008,2026-08-01 10:30:00,10.51949568941771,79.83329346287867,14.423509193263921,196.6445323791795,196.6445323791795,VESSEL_200000008,Cargo
200000008,2026-08-01 11:00:00,10.411251471373113,79.79796209463535,12.007819548612366,187.6051393044803,187.6051393044803,VESSEL_200000008,Cargo
200000008,2026-08-01 11:30:00,10.306664278942572,79.77124125961065,13.421540163873798,185.14117608248796,185.14117608248796,VESSEL_200000008,Cargo
200000008,2026-08-01 12:00:00,10.198684837483405,79.73697413417325,15.530954701024045,189.15756030457942,189.15756030457942,VESSEL_200000008,Cargo
200000008,2026-08-01 12:30:00,10.090906053379273,79.7090199979269,13.884934292145154,199.25981523675932,199.25981523675932,VESSEL_200000008,Cargo
200000008,2026-08-01 13:00:00,9.984537627638916,79.67457674004243,14.212565481077142,192.39581827471338,192.39581827471338,VESSEL_200000008,Cargo
200000008,2026-08-01 13:30:00,9.878685626103081,79.63947940733063,13.763323923630145,197.33695468560884,197.33695468560884,VESSEL_200000008,Cargo
200000008,2026-08-01 14:00:00,9.768317972949278,79.61048860321304,12.812415798133053,191.08474323486848,191.08474323486848,VESSEL_200000008,Cargo
200000008,2026-08-01 14:30:00,9.661464379822831,79.57663455689224,13.757753414891855,190.6928223984154,190.6928223984154,VESSEL_200000008,Cargo
200000008,2026-08-01 15:00:00,9.556216613532438,79.54478813642642,12.8686610352176,193.32023282810133,193.32023282810133,VESSEL_200000008,Cargo
200000008,2026-08-01 15:30:00,9.450064003124602,79.5161202348528,13.223222148254212,198.93684707452582,198.93684707452582,VESSEL_200000008,Cargo
200000008,2026-08-01 16:00:00,9.33582037515259,79.48368194818158,15.43247012860337,197.10498240119057,197.10498240119057,VESSEL_200000008,Cargo
200000008,2026-08-01 16:30:00,9.232791636365985,79.45317303251944,14.330561194112953,186.4559164047279,186.4559164047279,VESSEL_200000008,Cargo
200000008,2026-08-01 17:00:00,9.121912207244462,79.42080591874162,12.720079388901096,203.00337618027677,203.00337618027677,VESSEL_200000008,Cargo
200000008,2026-08-01 17:30:00,9.01726756160867,79.38482483508733,12.166942033954609,182.69486977102434,182.69486977102434,VESSEL_200000008,Cargo
200000008,2026-08-01 18:00:00,8.910050709494271,79.35662568870352,13.01049324101671,201.8376450643259,201.8376450643259,VESSEL_200000008,Cargo
200000008,2026-08-01 18:30:00,8.805537050422267,79.32497024051062,11.30026228332175,199.5296577716385,199.5296577716385,VESSEL_200000008,Cargo
200000008,2026-08-01 19:00:00,8.696871781386648,79.29423836089694,14.416435700106723,190.619109386872,190.619109386872,VESSEL_200000008,Cargo
200000008,2026-08-01 19:30:00,8.592399621882397,79.26000928264963,14.18417887799946,188.00651139711044,188.00651139711044,VESSEL_200000008,Cargo
200000008,2026-08-01 20:00:00,8.479142631915884,79.23326943584867,13.174056127797757,200.6428628948412,200.6428628948412,VESSEL_200000008,Cargo
200000008,2026-08-01 20:30:00,8.37409812224826,79.19833534264251,14.798806275731296,195.2599557459177,195.2599557459177,VESSEL_200000008,Cargo
200000008,2026-08-01 21:00:00,8.26268378543609,79.1652473391699,13.9861476795003,198.42079540098976,198.42079540098976,VESSEL_200000008,Cargo
200000008,2026-08-01 21:30:00,8.155732195331144,79.13371369471429,12.853234601596359,194.6159018986061,194.6159018986061,VESSEL_200000008,Cargo
200000008,2026-08-01 22:00:00,8.048735534834808,79.10221419793615,12.70634546553908,200.3009161679868,200.3009161679868,VESSEL_200000008,Cargo
200000008,2026-08-01 22:30:00,7.94572665481439,79.07148787963551,13.042916154927875,197.14287142937278,197.14287142937278,VESSEL_200000008,Cargo
200000008,2026-08-01 23:00:00,7.835096312157896,79.03779439678664,12.49473474187289,193.26918404931993,193.26918404931993,VESSEL_200000008,Cargo
200000008,2026-08-01 23:30:00,7.72702356495362,79.00872074046839,14.164671624582315,188.507758365186,188.507758365186,VESSEL_200000008,Cargo
200000009,2026-08-01 00:00:00,12.848913651397945,80.48537076462082,11.81260371782283,283.00966816122343,283.00966816122343,VESSEL_200000009,Tanker
200000009,2026-08-01 00:30:00,12.860830470834845,80.39131768731023,12.972802147525499,277.10063418146484,277.10063418146484,VESSEL_200000009,Tanker
200000009,2026-08-01 01:00:00,12.879797246188105,80.29195078692092,11.66381394296098,269.7611959709551,269.7611959709551,VESSEL_200000009,Tanker
200000009,2026-08-01 01:30:00,12.887446150198334,80.19797314761726,10.798185214513415,275.58812433747875,275.58812433747875,VESSEL_200000009,Tanker
200000009,2026-08-01 02:00:00,12.902799947927752,80.09599836754073,11.609342442143241,274.2178775918176,274.2178775918176,VESSEL_200000009,Tanker
200000009,2026-08-01 02:30:00,12.919766770049403,80.00245407471694,12.104029788562464,279.0587675171381,279.0587675171381,VESSEL_200000009,Tanker
200000009,2026-08-01 03:00:00,12.935604360082399,79.90214450127299,11.728245276034938,283.52921266509384,283.52921266509384,VESSEL_200000009,Tanker
200000009,2026-08-01 03:30:00,12.948415898910332,79.80416685244447,11.470824700581987,284.6563690418322,284.6563690418322,VESSEL_200000009,Tanker
200000009,2026-08-01 04:00:00,12.960340973121175,79.71013159673821,11.5654954488032,275.94675893395714,275.94675893395714,VESSEL_200000009,Tanker
200000009,2026-08-01 04:30:00,12.97333924865608,79.61196701335737,11.740601521193412,278.2587570930711,278.2587570930711,VESSEL_200000009,Tanker
200000009,2026-08-01 05:00:00,12.984844663092034,79.51626671128719,14.697424790653276,268.98083036586553,268.98083036586553,VESSEL_200000009,Tanker
200000009,2026-08-01 05:30:00,13.00028682681652,79.41641276329428,12.360582719757106,278.0985509291352,278.0985509291352,VESSEL_200000009,Tanker
200000009,2026-08-01 06:00:00,13.014600506935347,79.32301484755662,11.975601260006037,283.5260250045668,283.5260250045668,VESSEL_200000009,Tanker
200000009,2026-08-01 06:30:00,13.021826197218806,79.22657542993153,12.158242294130197,283.25498034122177,283.25498034122177,VESSEL_200000009,Tanker
200000009,2026-08-01 07:00:00,13.03751303713582,79.12446367650458,11.92911843638263,277.7805741158086,277.7805741158086,VESSEL_200000009,Tanker
200000009,2026-08-01 07:30:00,13.053956921420646,79.03102493752174,10.017959826935007,282.73485892108243,282.73485892108243,VESSEL_200000009,Tanker
200000009,2026-08-01 08:00:00,13.066845343683662,78.93117903440971,10.312064907852967,280.38100690438023,280.38100690438023,VESSEL_200000009,Tanker
200000009,2026-08-01 08:30:00,13.075438559780805,78.83561407708652,10.291074306764864,278.1330531255833,278.1330531255833,VESSEL_200000009,Tanker
200000009,2026-08-01 09:00:00,13.093466433427333,78.73938705629072,11.604524973223967,274.39507075676755,274.39507075676755,VESSEL_200000009,Tanker
200000009,2026-08-01 09:30:00,13.106129561329167,78.64232443646573,12.31947711141875,275.93761365488007,275.93761365488007,VESSEL_200000009,Tanker
200000009,2026-08-01 10:00:00,13.120107869500302,78.53937500767914,12.171654343089397,269.06668502401857,269.06668502401857,VESSEL_200000009,Tanker
200000009,2026-08-01 10:30:00,13.135522350891023,78.44549729597738,14.170131941811778,272.36508579387436,272.36508579387436,VESSEL_200000009,Tanker
200000009,2026-08-01 11:00:00,13.147251429396391,78.35156731912633,12.97456978252927,274.38470330459637,274.38470330459637,VESSEL_200000009,Tanker
200000009,2026-08-01 11:30:00,13.16134268405434,78.2507054333694,12.065136009632013,274.37236138257174,274.37236138257174,VESSEL_200000009,Tanker
200000009,2026-08-01 12:00:00,13.174154104011313,78.15023602083811,11.91830359410594,280.11586692960503,280.11586692960503,VESSEL_200000009,Tanker
200000009,2026-08-01 12:30:00,13.187315901610548,78.05293271473958,12.77171200508932,279.6883887524599,279.6883887524599,VESSEL_200000009,Tanker
200000009,2026-08-01 13:00:00,13.199756705859555,77.95833230655917,10.282510739456018,272.7387129236064,272.7387129236064,VESSEL_200000009,Tanker
200000009,2026-08-01 13:30:00,13.213571108981364,77.8640810400095,11.14367675135038,281.06683185913965,281.06683185913965,VESSEL_200000009,Tanker
200000009,2026-08-01 14:00:00,13.227008094887475,77.76485078443872,11.641784640094055,282.2310465629596,282.2310465629596,VESSEL_200000009,Tanker
200000009,2026-08-01 14:30:00,13.240453100235882,77.6639405237491,10.401231110874225,275.2063760927821,275.2063760927821,VESSEL_200000009,Tanker
200000009,2026-08-01 15:00:00,13.252462598590085,77.57063669521256,11.317411977379779,289.73879631262804,289.73879631262804,VESSEL_200000009,Tanker
200000009,2026-08-01 15:30:00,13.264923284960288,77.4729542284707,10.655227118732189,275.39875686058247,275.39875686058247,VESSEL_200000009,Tanker
200000009,2026-08-01 16:00:00,13.282119548716365,77.37062691029563,12.020006259025884,287.3803008738667,287.3803008738667,VESSEL_200000009,Tanker
200000009,2026-08-01 16:30:00,13.294367828792067,77.27852795969108,12.808101835363257,277.0459960623609,277.0459960623609,VESSEL_200000009,Tanker
200000009,2026-08-01 17:00:00,13.307550780630862,77.1761875621021,12.424170861632831,277.2999215138514,277.2999215138514,VESSEL_200000009,Tanker
200000009,2026-08-01 17:30:00,13.32012532892427,77.0837229192622,11.199499785431675,275.2236329069183,275.2236329069183,VESSEL_200000009,Tanker
200000009,2026-08-01 18:00:00,13.336801274558384,76.98352365195107,12.830495428311615,270.87733274690385,270.87733274690385,VESSEL_200000009,Tanker
200000009,2026-08-01 18:30:00,13.347701285048577,76.89277700009394,12.91053490388028,278.3537835249731,278.3537835249731,VESSEL_200000009,Tanker
200000009,2026-08-01 19:00:00,13.360583623053408,76.7906032540245,11.856455456823554,278.05337972419386,278.05337972419386,VESSEL_200000009,Tanker
200000009,2026-08-01 19:30:00,13.375720937244278,76.69433082454182,11.568805032532742,270.65586988429584,270.65586988429584,VESSEL_200000009,Tanker
200000009,2026-08-01 20:00:00,13.38830765323833,76.59895242861005,10.41484584468674,276.9179860047995,276.9179860047995,VESSEL_200000009,Tanker
200000009,2026-08-01 20:30:00,13.401139162484231,76.50007657229297,11.394546961171038,285.25273188736924,285.25273188736924,VESSEL_200000009,Tanker
200000009,2026-08-01 21:00:00,13.417229832269275,76.3999609560347,12.454408153851556,273.9925042811856,273.9925042811856,VESSEL_200000009,Tanker
200000009,2026-08-01 21:30:00,13.42850066883726,76.30594289133856,11.291432722507722,282.3300426441107,282.3300426441107,VESSEL_200000009,Tanker
200000009,2026-08-01 22:00:00,13.441543637076109,76.20680805112525,11.126809248689748,275.0375698207207,275.0375698207207,VESSEL_200000009,Tanker
200000009,2026-08-01 22:30:00,13.458729035929352,76.11203422774975,13.493124096249929,289.20398458199213,289.20398458199213,VESSEL_200000009,Tanker
200000009,2026-08-01 23:00:00,13.467907214373513,76.01364816434926,10.606979825594424,273.97773392375456,273.97773392375456,VESSEL_200000009,Tanker
200000009,2026-08-01 23:30:00,13.482146479035988,75.91412370727842,10.731292869339443,277.14434166989463,277.14434166989463,VESSEL_200000009,Tanker
200000010,2026-08-01 00:00:00,12.75112412128399,80.21132799923224,14.133721914114787,167.27700623793143,167.27700623793143,VESSEL_200000010,Fishing
200000010,2026-08-01 00:30:00,12.634435297984133,80.25838567792584,14.082260549801257,159.79988183591635,159.79988183591635,VESSEL_200000010,Fishing
200000010,2026-08-01 01:00:00,12.510122840967103,80.30732443894729,16.238257830433994,159.2237426397319,159.2237426397319,VESSEL_200000010,Fishing
200000010,2026-08-01 01:30:00,12.387662358169251,80.349040778699,16.116824230180697,164.81096590590903,164.81096590590903,VESSEL_200000010,Fishing
200000010,2026-08-01 02:00:00,12.27492285555534,80.39443146688782,15.730615405393728,163.8241235297079,163.8241235297079,VESSEL_200000010,Fishing
200000010,2026-08-01 02:30:00,12.1495572512378,80.44420756609753,15.70290549688928,157.24272452305956,157.24272452305956,VESSEL_200000010,Fishing
200000010,2026-08-01 03:00:00,12.029339005094771,80.4901798611441,15.1017576683258,158.00618542455447,158.00618542455447,VESSEL_200000010,Fishing
200000010,2026-08-01 03:30:00,11.912085792391332,80.53655311529374,15.389356816233844,160.95882047214178,160.95882047214178,VESSEL_200000010,Fishing
200000010,2026-08-01 04:00:00,11.792773288153079,80.58322772397946,15.52141713683528,149.14196781781732,149.14196781781732,VESSEL_200000010,Fishing
200000010,2026-08-01 04:30:00,11.674505618369855,80.63065377787792,15.468756625178385,163.55021898526556,163.55021898526556,VESSEL_200000010,Fishing
200000010,2026-08-01 05:00:00,11.549815323491915,80.67331511856842,15.702866943904342,158.71096317165066,158.71096317165066,VESSEL_200000010,Fishing
200000010,2026-08-01 05:30:00,11.434230714875005,80.72294641439377,16.093416772820753,163.40974166224885,163.40974166224885,VESSEL_200000010,Fishing
200000010,2026-08-01 06:00:00,11.315027732013133,80.7699568938633,13.32137371096642,162.59272848747887,162.59272848747887,VESSEL_200000010,Fishing
200000010,2026-08-01 06:30:00,11.196672631194273,80.81837554984004,14.549420671213316,162.11551941563204,162.11551941563204,VESSEL_200000010,Fishing
200000010,2026-08-01 07:00:00,11.07611963971437,80.86681194774765,14.552953174352865,157.61427452457255,157.61427452457255,VESSEL_200000010,Fishing
200000010,2026-08-01 07:30:00,10.956062530837345,80.9104170176309,14.311735496529549,160.81962887242676,160.81962887242676,VESSEL_200000010,Fishing
200000010,2026-08-01 08:00:00,10.835894716439297,80.95708600551666,15.648648025760767,157.45301793886458,157.45301793886458,VESSEL_200000010,Fishing
200000010,2026-08-01 08:30:00,10.717863357479708,81.00171657759255,14.841742335817043,158.80147501493087,158.80147501493087,VESSEL_200000010,Fishing
200000010,2026-08-01 09:00:00,10.596834114100286,81.04713109785575,14.118766348815385,148.55790490861966,148.55790490861966,VESSEL_200000010,Fishing
200000010,2026-08-01 09:30:00,10.475311002932001,81.0944971147975,15.044512988562905,162.05343839675177,162.05343839675177,VESSEL_200000010,Fishing
200000010,2026-08-01 10:00:00,10.354131933476538,81.14380417271339,15.1297251908291,162.10711902277544,162.10711902277544,VESSEL_200000010,Fishing
200000010,2026-08-01 10:30:00,10.236534681489408,81.18856562351152,15.260411345180371,163.9652644358957,163.9652644358957,VESSEL_200000010,Fishing
200000010,2026-08-01 11:00:00,10.11654058553183,81.23376344902434,16.084681159752204,153.32349433511206,153.32349433511206,VESSEL_200000010,Fishing
200000010,2026-08-01 11:30:00,9.998748264367853,81.2852134530555,15.718948574499224,159.5327116644742,159.5327116644742,VESSEL_200000010,Fishing
200000010,2026-08-01 12:00:00,9.875674580152486,81.3311301855146,15.058284929118761,159.9243968004927,159.9243968004927,VESSEL_200000010,Fishing
200000010,2026-08-01 12:30:00,9.758005919834188,81.37525740676072,14.812870358590128,152.77472004367095,152.77472004367095,VESSEL_200000010,Fishing
200000010,2026-08-01 13:00:00,9.634302512045506,81.41933211146086,16.15889188759635,167.7911201577071,167.7911201577071,VESSEL_200000010,Fishing
200000010,2026-08-01 13:30:00,9.519451521861308,81.46634461534246,16.153917770137024,165.85707919691103,165.85707919691103,VESSEL_200000010,Fishing
200000010,2026-08-01 14:00:00,9.3958566504495,81.516407561417,13.421170047776153,160.08022828717645,160.08022828717645,VESSEL_200000010,Fishing
200000010,2026-08-01 14:30:00,9.274812557388717,81.5632118188275,13.867860176391943,161.46083856968121,161.46083856968121,VESSEL_200000010,Fishing
200000010,2026-08-01 15:00:00,9.159158108635049,81.60785407130422,14.292140517170388,147.96643223454333,147.96643223454333,VESSEL_200000010,Fishing
200000010,2026-08-01 15:30:00,9.036745662652654,81.65486512539506,13.878043686232768,161.0116412288541,161.0116412288541,VESSEL_200000010,Fishing
200000010,2026-08-01 16:00:00,8.916547955393685,81.7004847235823,14.874490692940375,164.10307014194132,164.10307014194132,VESSEL_200000010,Fishing
200000010,2026-08-01 16:30:00,8.798823176481534,81.74898402561257,16.048168117045677,152.94198766535953,152.94198766535953,VESSEL_200000010,Fishing
200000010,2026-08-01 17:00:00,8.677851449232087,81.79614660463251,14.959226590082096,160.92383912708033,160.92383912708033,VESSEL_200000010,Fishing
200000010,2026-08-01 17:30:00,8.556395248557953,81.84347948362307,15.980921870112114,144.1607480438079,144.1607480438079,VESSEL_200000010,Fishing
200000010,2026-08-01 18:00:00,8.44050613331087,81.88297245931278,14.813014073024698,163.87328761858203,163.87328761858203,VESSEL_200000010,Fishing
200000010,2026-08-01 18:30:00,8.317660354889956,81.93274323471452,14.335326036864153,163.88107617889634,163.88107617889634,VESSEL_200000010,Fishing
200000010,2026-08-01 19:00:00,8.194621325715973,81.98454147111737,15.373960999538534,152.78457079508107,152.78457079508107,VESSEL_200000010,Fishing
200000010,2026-08-01 19:30:00,8.077467511069074,82.02685692246921,16.295288299439353,162.40868649610744,162.40868649610744,VESSEL_200000010,Fishing
200000010,2026-08-01 20:00:00,7.955364825382536,82.07469206915036,14.565877436236546,165.2140972895901,165.2140972895901,VESSEL_200000010,Fishing
200000010,2026-08-01 20:30:00,7.836272355850644,82.12531559383274,15.395768359063885,152.9368754153928,152.9368754153928,VESSEL_200000010,Fishing
200000010,2026-08-01 21:00:00,7.717787412155488,82.1671117801778,14.154444696565317,159.22068174594511,159.22068174594511,VESSEL_200000010,Fishing
200000010,2026-08-01 21:30:00,7.596855535858732,82.21096216767783,15.04938662773265,149.73226646520382,149.73226646520382,VESSEL_200000010,Fishing
200000010,2026-08-01 22:00:00,7.47797645166059,82.26011257655408,14.55784702655501,168.75136295524402,168.75136295524402,VESSEL_200000010,Fishing
200000010,2026-08-01 22:30:00,7.359763002967673,82.30902940658525,13.652664802238528,155.47673177910863,155.47673177910863,VESSEL_200000010,Fishing
200000010,2026-08-01 23:00:00,7.240250191529826,82.35309748897741,16.337125942098808,152.73306451778808,152.73306451778808,VESSEL_200000010,Fishing
200000010,2026-08-01 23:30:00,7.119416260434822,82.40058232575926,15.593383757962739,155.54409708801612,155.54409708801612,VESSEL_200000010,Fishing
200000011,2026-08-01 00:00:00,12.785460157533418,80.1761678390302,8.04326673383294,251.49493679215385,251.49493679215385,VESSEL_200000011,Cargo
200000011,2026-08-01 00:30:00,12.75750267163161,80.11048673569688,8.578415097183024,255.9951500544081,255.9951500544081,VESSEL_200000011,Cargo
200000011,2026-08-01 01:00:00,12.728284587038692,80.04739490741048,6.580553906056793,248.59858243069698,248.59858243069698,VESSEL_200000011,Cargo
200000011,2026-08-01 01:30:00,12.707106424445447,79.98158759402513,8.644350145834691,244.70996929553849,244.70996929553849,VESSEL_200000011,Cargo
200000011,2026-08-01 02:00:00,12.677009312526703,79.91486119469721,7.687748459363543,246.0628385621795,246.0628385621795,VESSEL_200000011,Cargo
200000011,2026-08-01 02:30:00,12.650334939782475,79.8485859495428,7.6674432466102145,240.71099945159298,240.71099945159298,VESSEL_200000011,Cargo
200000011,2026-08-01 03:00:00,12.623710586848896,79.78596609355561,8.705385511531416,252.3380691031972,252.3380691031972,VESSEL_200000011,Cargo
200000011,2026-08-01 03:30:00,12.596095831406375,79.72041453225825,8.77756249293246,247.0545165424628,247.0545165424628,VESSEL_200000011,Cargo
200000011,2026-08-01 04:00:00,12.56784941181145,79.65881387896692,8.02177408744139,244.18282808395168,244.18282808395168,VESSEL_200000011,Cargo
200000011,2026-08-01 04:30:00,12.542770034450104,79.58964434591776,7.068933519684571,253.12560791237254,253.12560791237254,VESSEL_200000011,Cargo
200000011,2026-08-01 05:00:00,12.514704584987998,79.52167383824857,9.662509181648772,250.64059449753464,250.64059449753464,VESSEL_200000011,Cargo
200000011,2026-08-01 05:30:00,12.4853548494903,79.46220512947134,9.132522435661091,247.46123606142862,247.46123606142862,VESSEL_200000011,Cargo
200000011,2026-08-01 06:00:00,12.464055330420935,79.39372442271032,8.445641992190867,244.2107160594439,244.2107160594439,VESSEL_200000011,Cargo
200000011,2026-08-01 06:30:00,12.435029553023801,79.32911409642914,8.48840520718461,243.56228487021585,243.56228487021585,VESSEL_200000011,Cargo
200000011,2026-08-01 07:00:00,12.407116671189016,79.2627763562748,7.140250748560698,240.15315488293294,240.15315488293294,VESSEL_200000011,Cargo
200000011,2026-08-01 07:30:00,12.380978077573799,79.19246724056805,8.679135594256158,245.12180135078472,245.12180135078472,VESSEL_200000011,Cargo
200000011,2026-08-01 08:00:00,12.355455223365434,79.13143914413166,9.133209281546794,245.5276474333649,245.5276474333649,VESSEL_200000011,Cargo
200000011,2026-08-01 08:30:00,12.326057185794143,79.06865481696364,8.011169350970318,252.49499106204587,252.49499106204587,VESSEL_200000011,Cargo
200000011,2026-08-01 09:00:00,12.296833253068453,79.00252539293875,9.396364790082751,250.81240409850554,250.81240409850554,VESSEL_200000011,Cargo
200000011,2026-08-01 09:30:00,12.275644497911632,78.93516439197084,7.09457581594631,242.54054109707826,242.54054109707826,VESSEL_200000011,Cargo
200000011,2026-08-01 10:00:00,12.246123452626755,78.87244217982584,8.575981726942315,241.8974313940182,241.8974313940182,VESSEL_200000011,Cargo
200000011,2026-08-01 10:30:00,12.219327261415811,78.80375198775383,9.632674649671799,261.7994087552532,261.7994087552532,VESSEL_200000011,Cargo
200000011,2026-08-01 11:00:00,12.191517388457791,78.74212267693227,7.980865298399339,238.46115003411978,238.46115003411978,VESSEL_200000011,Cargo
200000011,2026-08-01 11:30:00,12.162570006774084,78.67352573353058,7.026720490879883,256.1240163495321,256.1240163495321,VESSEL_200000011,Cargo
200000011,2026-08-01 12:00:00,12.137312129871692,78.61122596252584,8.16470270209865,246.64786122733668,246.64786122733668,VESSEL_200000011,Cargo
200000011,2026-08-01 12:30:00,12.111686465535614,78.54515697647905,9.004419005319631,246.5321951503288,246.5321951503288,VESSEL_200000011,Cargo
200000011,2026-08-01 13:00:00,12.082064017725168,78.47716288573707,6.495976004927771,246.20440713422184,246.20440713422184,VESSEL_200000011,Cargo
200000011,2026-08-01 13:30:00,12.055852276226114,78.41215951734668,8.439250202260265,247.78097945450637,247.78097945450637,VESSEL_200000011,Cargo
200000011,2026-08-01 14:00:00,12.024418226165505,78.34765659145297,8.880988961030367,249.44751028653258,249.44751028653258,VESSEL_200000011,Cargo
200000011,2026-08-01 14:30:00,11.99941385168032,78.28455880022476,9.496132292655371,251.39758143450834,251.39758143450834,VESSEL_200000011,Cargo
200000011,2026-08-01 15:00:00,11.974521589274588,78.21806101484894,7.844380582960394,249.85131555410214,249.85131555410214,VESSEL_200000011,Cargo
200000011,2026-08-01 15:30:00,11.948093328130396,78.15501083883963,8.60559888041605,251.60603639129107,251.60603639129107,VESSEL_200000011,Cargo
200000011,2026-08-01 16:00:00,11.920883264585521,78.09007647161151,9.344547837661537,243.4895834884298,243.4895834884298,VESSEL_200000011,Cargo
200000011,2026-08-01 16:30:00,11.89006875076136,78.02634914324311,8.73038379800716,238.93978716207326,238.93978716207326,VESSEL_200000011,Cargo
200000011,2026-08-01 17:00:00,11.86524835919616,77.95956096946765,8.194048236162006,244.95190954295822,244.95190954295822,VESSEL_200000011,Cargo
200000011,2026-08-01 17:30:00,11.84246872124672,77.89067770994197,7.675571709540065,248.5691490147952,248.5691490147952,VESSEL_200000011,Cargo
200000011,2026-08-01 18:00:00,11.813438826725697,77.82852003365525,9.384963111863845,248.50510974296145,248.50510974296145,VESSEL_200000011,Cargo
200000011,2026-08-01 18:30:00,11.786627644074962,77.76176399241977,8.536423370531613,248.04988753982204,248.04988753982204,VESSEL_200000011,Cargo
200000011,2026-08-01 19:00:00,11.75907003180422,77.6985825539054,9.02887074923973,247.73330165405477,247.73330165405477,VESSEL_200000011,Cargo
200000011,2026-08-01 19:30:00,11.730012542898194,77.63192788015819,8.445707282399155,248.47812453861985,248.47812453861985,VESSEL_200000011,Cargo
200000011,2026-08-01 20:00:00,11.709034804817852,77.5655000554368,8.896014086420259,252.85452697577534,252.85452697577534,VESSEL_200000011,Cargo
200000011,2026-08-01 20:30:00,11.677808717367267,77.50597835458406,8.095685775563421,249.1326627511541,249.1326627511541,VESSEL_200000011,Cargo
200000011,2026-08-01 21:00:00,11.649006061384778,77.43535467822726,8.722658977691557,251.7437369510925,251.7437369510925,VESSEL_200000011,Cargo
200000011,2026-08-01 21:30:00,11.624232821878106,77.37333102074804,8.378759756702227,245.85137399035884,245.85137399035884,VESSEL_200000011,Cargo
200000011,2026-08-01 22:00:00,11.601993561760114,77.3063563297001,7.754243521316351,244.04089782831352,244.04089782831352,VESSEL_200000011,Cargo
200000011,2026-08-01 22:30:00,11.567691191051988,77.24219605646475,8.109347774401657,248.14902901783628,248.14902901783628,VESSEL_200000011,Cargo
200000011,2026-08-01 23:00:00,11.54244049286767,77.17654096592075,7.626980974410879,242.13435520883877,242.13435520883877,VESSEL_200000011,Cargo
200000011,2026-08-01 23:30:00,11.516007064166406,77.11103496302609,8.80625738039254,243.46494799406722,243.46494799406722,VESSEL_200000011,Cargo
200000012,2026-08-01 00:00:00,13.133439718677854,80.32259485066217,9.646508313707589,62.50093301166328,62.50093301166328,VESSEL_200000012,Tug
200000012,2026-08-01 00:30:00,13.178306404918487,80.3805682958477,8.303138357151607,53.1840004850784,53.1840004850784,VESSEL_200000012,Tug
200000012,2026-08-01 01:00:00,13.212823171618703,80.4444903220357,8.741861873973349,50.181857329504,50.181857329504,VESSEL_200000012,Tug
200000012,2026-08-01 01:30:00,13.257038600040005,80.50940762564917,9.522543602792371,58.80351816414228,58.80351816414228,VESSEL_200000012,Tug
200000012,2026-08-01 02:00:00,13.299418233453244,80.57121615160807,11.162658340662382,57.43703148836151,57.43703148836151,VESSEL_200000012,Tug
200000012,2026-08-01 02:30:00,13.3363309546826,80.63261695846559,7.3010119490009,56.35154905170756,56.35154905170756,VESSEL_200000012,Tug
200000012,2026-08-01 03:00:00,13.381656018181202,80.69634359903672,11.05244105042923,59.00979027633558,59.00979027633558,VESSEL_200000012,Tug
200000012,2026-08-01 03:30:00,13.425195529793662,80.75807704393203,8.042370046697704,56.4489034014358,56.4489034014358,VESSEL_200000012,Tug
200000012,2026-08-01 04:00:00,13.465933051791534,80.81888530824908,8.86120791517918,56.33523632031854,56.33523632031854,VESSEL_200000012,Tug
200000012,2026-08-01 04:30:00,13.507000443622147,80.88362989103402,8.501979756107575,55.380579938087045,55.380579938087045,VESSEL_200000012,Tug
200000012,2026-08-01 05:00:00,13.54945604644237,80.94912499549922,10.122371142979587,54.793137288314774,54.793137288314774,VESSEL_200000012,Tug
200000012,2026-08-01 05:30:00,13.590205838444378,81.01144946415658,9.65235985443957,54.093873739656594,54.093873739656594,VESSEL_200000012,Tug
200000012,2026-08-01 06:00:00,13.634542642232,81.07519206396722,10.333201403687388,65.15648043955014,65.15648043955014,VESSEL_200000012,Tug
200000012,2026-08-01 06:30:00,13.673072727442209,81.13591943017897,9.052792634647375,55.774508063288486,55.774508063288486,VESSEL_200000012,Tug
200000012,2026-08-01 07:00:00,13.715350738321769,81.19557925022924,9.13419438405772,52.423097608211464,52.423097608211464,VESSEL_200000012,Tug
200000012,2026-08-01 07:30:00,13.758664955563944,81.25962102762772,7.941856592184374,57.43636770783551,57.43636770783551,VESSEL_200000012,Tug
200000012,2026-08-01 08:00:00,13.800638516097521,81.32502641912914,11.227378704446341,57.65132356200526,57.65132356200526,VESSEL_200000012,Tug
200000012,2026-08-01 08:30:00,13.843150541019497,81.38437147300417,7.754607497492341,64.17902313981769,64.17902313981769,VESSEL_200000012,Tug
200000012,2026-08-01 09:00:00,13.882177122366961,81.44709744799437,9.002416016812163,55.81391383906408,55.81391383906408,VESSEL_200000012,Tug
200000012,2026-08-01 09:30:00,13.924062773355402,81.51123413017528,10.27089065567882,52.23490786179204,52.23490786179204,VESSEL_200000012,Tug
200000012,2026-08-01 10:00:00,13.964924145841016,81.5763880043299,9.533811849966753,53.162282802707715,53.162282802707715,VESSEL_200000012,Tug
200000012,2026-08-01 10:30:00,14.006390861218954,81.63567231085062,8.986810501179445,62.09323635537012,62.09323635537012,VESSEL_200000012,Tug
200000012,2026-08-01 11:00:00,14.04932573574293,81.69965125827588,9.716659597923613,44.358539205341415,44.358539205341415,VESSEL_200000012,Tug
200000012,2026-08-01 11:30:00,14.095310176470006,81.76011413736988,9.37351043148565,57.498291654004746,57.498291654004746,VESSEL_200000012,Tug
200000012,2026-08-01 12:00:00,14.137255481358515,81.82623962775149,6.664224446298734,52.340979670171066,52.340979670171066,VESSEL_200000012,Tug
200000012,2026-08-01 12:30:00,14.177206423275754,81.88740655969286,9.519125667785486,60.21170868429955,60.21170868429955,VESSEL_200000012,Tug
200000012,2026-08-01 13:00:00,14.219990620931366,81.95002671005538,7.195177926908235,53.98746966167694,53.98746966167694,VESSEL_200000012,Tug
200000012,2026-08-01 13:30:00,14.261450158196245,82.0109331059108,9.672789668150292,60.80684239228754,60.80684239228754,VESSEL_200000012,Tug
200000012,2026-08-01 14:00:00,14.302714860294019,82.06964518115868,7.763426575316912,65.69582169873144,65.69582169873144,VESSEL_200000012,Tug
200000012,2026-08-01 14:30:00,14.34321175519683,82.13446319492044,10.276762326338988,56.33165386366939,56.33165386366939,VESSEL_200000012,Tug
200000012,2026-08-01 15:00:00,14.388358416202262,82.20164413919254,9.500074074240885,58.07992214452361,58.07992214452361,VESSEL_200000012,Tug
200000012,2026-08-01 15:30:00,14.42938721628965,82.26830382321461,10.012521273987904,48.36317931672335,48.36317931672335,VESSEL_200000012,Tug
200000012,2026-08-01 16:00:00,14.470729267137825,82.3286906643291,10.244215744564862,54.13185099065552,54.13185099065552,VESSEL_200000012,Tug
200000012,2026-08-01 16:30:00,14.514009537439103,82.3909219280674,11.614032374998445,52.51486722470847,52.51486722470847,VESSEL_200000012,Tug
200000012,2026-08-01 17:00:00,14.552508551837386,82.45111294564677,8.55129278798994,51.81477215713301,51.81477215713301,VESSEL_200000012,Tug
200000012,2026-08-01 17:30:00,14.5898417064203,82.51351452527165,9.41087299772862,53.79876667842147,53.79876667842147,VESSEL_200000012,Tug
200000012,2026-08-01 18:00:00,14.641081524240164,82.57706941631992,10.332543993212852,57.571977969600866,57.571977969600866,VESSEL_200000012,Tug
200000012,2026-08-01 18:30:00,14.680707280934353,82.64025988827775,10.410299569932278,56.54457265661303,56.54457265661303,VESSEL_200000012,Tug
200000012,2026-08-01 19:00:00,14.721890412172204,82.70309281151259,8.753229479901396,58.289787500574405,58.289787500574405,VESSEL_200000012,Tug
200000012,2026-08-01 19:30:00,14.76721064768988,82.7644780922365,9.460979830881964,62.553770660298234,62.553770660298234,VESSEL_200000012,Tug
200000012,2026-08-01 20:00:00,14.806866086200834,82.82770105943152,6.658126235071354,58.84838999919335,58.84838999919335,VESSEL_200000012,Tug
200000012,2026-08-01 20:30:00,14.84199033556316,82.89327624153337,9.210988809221975,61.26324600531097,61.26324600531097,VESSEL_200000012,Tug
200000012,2026-08-01 21:00:00,14.886468766245503,82.94989009260028,9.302269322169883,56.096858706170316,56.096858706170316,VESSEL_200000012,Tug
200000012,2026-08-01 21:30:00,14.929133611311011,83.01582317058374,11.808950830060976,60.43750364279631,60.43750364279631,VESSEL_200000012,Tug
200000012,2026-08-01 22:00:00,14.974059394616512,83.0800004622808,10.520977081880908,55.3145175414473,55.3145175414473,VESSEL_200000012,Tug
200000012,2026-08-01 22:30:00,15.009694579230896,83.14059415670707,9.853250648025217,51.41587393037565,51.41587393037565,VESSEL_200000012,Tug
200000012,2026-08-01 23:00:00,15.055295074386727,83.20224652996248,10.543544189871845,60.01216098298384,60.01216098298384,VESSEL_200000012,Tug
200000012,2026-08-01 23:30:00,15.098794591970453,83.26753201255012,9.004265685476588,57.25265731858854,57.25265731858854,VESSEL_200000012,Tug
